{"cameraMode":{"drawMode":0,"name":"Shaded","section":"Shading Mode"},"sceneLighting":false,"audioPlay":false,"sceneViewState":{"showFog":true,"showMaterialUpdate":false,"showSkybox":true,"showFlares":true,"showImageEffects":true,"showParticleSystems":true},"in2DMode":false,"pivot":{"x":12.290698051452637,"y":5.17924165725708,"z":16.088420867919923},"rotation":{"x":-0.10896311700344086,"y":0.7340971231460571,"z":-0.1213366761803627,"w":-0.6592021584510803},"size":2.432006597518921,"orthographic":false}