{"cameraMode":{"drawMode":0,"name":"Shaded","section":"Shading Mode"},"sceneLighting":false,"audioPlay":false,"sceneViewState":{"showFog":true,"showMaterialUpdate":false,"showSkybox":true,"showFlares":true,"showImageEffects":true,"showParticleSystems":true},"in2DMode":false,"pivot":{"x":3.247642993927002,"y":2.4983227252960207,"z":5.704345226287842},"rotation":{"x":-0.05509158596396446,"y":0.9350748658180237,"z":-0.16755971312522889,"w":-0.30748677253723147},"size":1.5320065021514893,"orthographic":false}